id,name,position,overall_rating,age
2026001,Free Agent 2026-1,QB,67,25
2026002,Free Agent 2026-2,RB,69,26
2026003,Free Agent 2026-3,WR,71,27
2026004,Free Agent 2026-4,WR,73,28
2026005,Free Agent 2026-5,WR,75,29
2026006,Free Agent 2026-6,TE,77,30
2026007,Free Agent 2026-7,LT,79,31
2026008,Free Agent 2026-8,LG,81,24
2026009,Free Agent 2026-9,C,83,25
2026010,Free Agent 2026-10,RG,85,26
2026011,Free Agent 2026-11,RT,87,27
2026012,Free Agent 2026-12,EDGE,89,28
2026013,Free Agent 2026-13,DL,66,29
2026014,Free Agent 2026-14,LB,68,30
2026015,Free Agent 2026-15,CB,70,31
2026016,Free Agent 2026-16,S,72,24
2026017,Free Agent 2026-17,K,74,25
2026018,Free Agent 2026-18,P,76,26
2026019,Free Agent 2026-19,QB,78,27
2026020,Free Agent 2026-20,RB,80,28
2026021,Free Agent 2026-21,WR,82,29
2026022,Free Agent 2026-22,WR,84,30
2026023,Free Agent 2026-23,WR,86,31
2026024,Free Agent 2026-24,TE,88,24
2026025,Free Agent 2026-25,LT,65,25
